users,method,p50_ms,p95_ms,mean_ms,avg_results
1000,haversine_app,1.405,2.710,1.659,49.4
1000,postgis_scan,3.059,3.595,3.074,49.4
1000,postgis_gist,0.906,1.099,0.935,49.4
10000,haversine_app,9.018,14.109,9.926,50.0
10000,postgis_scan,22.552,31.818,23.482,50.0
10000,postgis_gist,0.874,1.060,0.886,50.0
100000,haversine_app,81.803,96.704,82.254,50.0
100000,postgis_scan,298.673,304.972,299.251,50.0
100000,postgis_gist,1.054,1.318,1.069,50.0
1000000,haversine_app,793.746,836.095,793.525,50.0
1000000,postgis_scan,677.852,711.040,681.008,50.0
1000000,postgis_gist,1.352,1.675,1.391,50.0
