attack,method,detected,row_found,target_row,first_reported
none,chain_sha256,false,false,50,
none,chain_hmac,false,false,50,
none,chain_hmac_merkle_root,false,false,50,
edit_record,chain_sha256,true,true,50,50
edit_record,chain_hmac,true,true,50,50
edit_record,chain_hmac_merkle_root,true,true,50,50
delete_row,chain_sha256,true,true,50,51
delete_row,chain_hmac,true,true,50,51
delete_row,chain_hmac_merkle_root,true,true,50,51
delete_last_row,chain_sha256,false,false,99,
delete_last_row,chain_hmac,false,false,99,
delete_last_row,chain_hmac_merkle_root,true,false,99,
insert_row,chain_sha256,true,true,50,51
insert_row,chain_hmac,true,true,50,50
insert_row,chain_hmac_merkle_root,true,true,50,50
reorder_rows,chain_sha256,true,true,50,50
reorder_rows,chain_hmac,true,true,50,50
reorder_rows,chain_hmac_merkle_root,true,true,50,50
rewrite_without_key,chain_sha256,false,false,50,
rewrite_without_key,chain_hmac,true,true,50,50
rewrite_without_key,chain_hmac_merkle_root,true,true,50,50
rewrite_with_key,chain_sha256,false,false,50,
rewrite_with_key,chain_hmac,false,false,50,
rewrite_with_key,chain_hmac_merkle_root,true,false,50,
