rows,method,total_ms,proof_bytes,runs
1000,chain_per_row,340.378,0,5
1000,chain_batched,26.186,0,5
1000,merkle_root,5.968,0,5
1000,merkle_proof_build,6.262,320,5
1000,merkle_proof_check,0.0194,320,1000
5000,chain_per_row,1520.440,0,5
5000,chain_batched,97.565,0,5
5000,merkle_root,21.354,0,5
5000,merkle_proof_build,20.528,416,5
5000,merkle_proof_check,0.0192,416,1000
10000,chain_per_row,2830.063,0,3
10000,chain_batched,190.187,0,5
10000,merkle_root,39.925,0,5
10000,merkle_proof_build,39.462,448,5
10000,merkle_proof_check,0.0204,448,1000
20000,chain_per_row,6550.337,0,3
20000,chain_batched,370.393,0,5
20000,merkle_root,82.082,0,5
20000,merkle_proof_build,132.166,480,5
20000,merkle_proof_check,0.0220,480,1000
100000,chain_batched,2038.944,0,5
100000,merkle_root,551.703,0,5
100000,merkle_proof_build,545.758,544,5
100000,merkle_proof_check,0.0249,544,1000
